full_name,is_eu_worker,is_eu_alumni,is_alumni,is_na_eu_resident,is_na_citizen,is_na_worker,is_as_citizen,is_na_alumni,is_gbr_citizen,is_rus_citizen,is_deu_citizen,is_nld_ita_che_citizen,is_studyholic,is_workhorse,is_aut_citizen,is_eu_citizen,is_gbr_worker,is_passport_collector,is_born,is_fra_citizen,is_other_citizen,is_emigrant,is_physics_laureate_teacher,is_physics_laureate_student,is_astronomer
Aage Bohr,yes,yes,yes,no,no,yes,no,no,no,no,no,no,no,no,no,yes,yes,no,yes,no,yes,no,no,no,no
Aaldert Wapstra,no,no,no,no,no,no,no,no,no,no,no,no,no,no,no,yes,no,no,no,no,no,no,no,no,no
Abdus Salam,no,yes,yes,no,no,no,yes,no,yes,no,no,no,yes,no,no,no,no,no,yes,no,yes,no,no,no,yes
Abraham Alikhanov,yes,yes,yes,no,no,no,yes,no,no,yes,no,no,no,no,no,no,no,no,yes,no,yes,no,no,no,yes
Abraham H. Taub,no,no,yes,no,yes,no,no,yes,no,no,no,no,no,no,no,no,no,no,yes,no,no,no,no,no,no
Abraham Pais,no,yes,yes,yes,yes,no,no,no,no,no,no,yes,no,no,no,yes,no,yes,yes,no,no,no,no,no,no
Abram Ioffe,no,yes,yes,no,no,no,no,no,no,yes,no,no,no,no,no,yes,no,no,yes,no,no,no,no,no,no
Adolf Kratzer,no,no,no,no,no,no,no,no,no,no,yes,no,no,no,no,yes,no,no,yes,no,no,no,no,no,no
Adolfas Jucys,no,yes,yes,no,no,no,no,no,no,no,no,no,no,no,no,yes,no,no,yes,no,yes,no,no,no,no
Adriaan Fokker,no,yes,yes,yes,no,no,no,no,no,no,no,yes,no,no,no,yes,no,no,yes,no,no,no,no,no,no
Akira Tonomura,no,no,no,no,no,no,yes,no,no,yes,no,no,no,no,no,no,no,no,yes,no,no,no,no,no,no
Alan Walsh (physicist),no,no,no,no,no,no,no,no,yes,no,no,no,no,no,no,yes,no,yes,yes,no,no,no,no,no,no
Albert A. Michelson,yes,yes,yes,no,yes,yes,no,yes,no,no,yes,no,yes,no,no,no,no,no,yes,no,no,no,no,no,no
Albert Einstein,yes,yes,yes,yes,yes,yes,no,no,no,no,yes,yes,no,yes,no,yes,yes,yes,yes,no,no,no,no,no,no
Aleksandr Lyapunov,yes,yes,yes,no,no,no,no,no,no,yes,no,no,no,no,no,yes,no,no,yes,no,no,no,no,no,no
Alexander Friedmann,yes,yes,yes,no,no,no,no,no,no,yes,no,no,no,no,no,yes,no,no,yes,no,no,no,no,no,no
Alexander Graham Bell,no,no,no,no,yes,no,no,no,yes,no,no,no,no,no,no,yes,no,yes,yes,no,no,no,no,no,no
Alexander Prokhorov,no,no,no,no,no,no,no,no,no,yes,no,no,no,no,no,yes,no,no,yes,no,yes,no,no,no,no
Alexei Zamolodchikov,no,yes,yes,no,no,no,no,no,no,yes,no,no,no,no,no,yes,no,no,yes,no,no,no,no,no,no
Alfred Kastler,no,no,no,no,no,no,no,no,no,no,yes,no,no,no,no,yes,no,no,yes,yes,no,no,no,no,no
Alfred Lee Loomis,no,no,no,no,yes,no,no,no,no,no,no,no,no,no,no,no,no,no,yes,no,no,no,no,no,no
Alfred-Marie Liénard,no,no,no,no,no,no,no,no,no,no,no,no,no,no,no,yes,no,no,yes,yes,no,no,no,no,no
Ali Javan,no,no,yes,no,yes,no,yes,yes,no,no,no,no,yes,no,no,no,no,yes,yes,no,yes,no,no,no,no
Ali Moustafa Mosharafa,no,no,no,yes,no,no,no,no,no,no,no,no,no,no,no,no,no,no,yes,no,yes,yes,no,no,no
Alladi Ramakrishnan,yes,yes,yes,yes,no,no,yes,no,yes,no,no,no,yes,no,no,no,no,no,yes,no,no,no,no,no,no
Allan McLeod Cormack,no,no,no,no,yes,no,no,no,no,no,no,no,no,no,no,no,no,no,yes,no,yes,no,no,no,no
Alvin M. Weinberg,yes,no,yes,no,yes,yes,no,yes,no,no,no,no,no,no,no,no,no,no,yes,no,no,no,no,no,no
Amal Kumar Raychaudhuri,no,no,yes,yes,no,no,yes,no,no,no,no,no,no,no,no,no,no,no,yes,no,no,no,no,no,yes
Amos Dolbear,no,no,no,no,yes,no,no,no,no,no,no,no,no,no,no,no,no,no,yes,no,no,no,no,no,no
Amrom Harry Katz,no,no,no,no,yes,no,no,no,no,no,no,no,no,no,no,no,no,no,no,no,no,no,no,no,no
Anatoly Vlasov,no,yes,yes,no,no,no,no,no,no,yes,no,no,no,no,no,yes,no,no,yes,no,no,no,no,no,no
Andrei Sakharov,no,yes,yes,yes,no,no,no,no,no,yes,no,no,no,no,no,yes,no,no,yes,no,no,no,no,no,no
Archibald Low,no,no,no,no,no,no,no,no,yes,no,no,no,no,no,no,yes,no,no,yes,no,no,no,no,no,no
Ari Brynjolfsson,no,no,no,no,yes,no,no,no,no,no,no,no,no,no,no,yes,no,yes,yes,no,yes,no,no,no,no
Arnold Sommerfeld,no,yes,yes,yes,no,no,no,no,no,yes,yes,no,no,no,no,yes,no,no,yes,no,no,no,yes,no,no
Arpad Elo,yes,no,yes,no,yes,yes,no,yes,no,no,no,no,no,no,no,yes,no,yes,yes,no,no,no,no,no,no
Arseny Sokolov,no,yes,yes,no,no,no,no,no,no,yes,no,no,no,no,no,yes,no,no,yes,no,no,no,no,no,no
Artem Alikhanian,no,yes,yes,no,no,no,yes,no,no,yes,no,no,no,no,no,yes,no,yes,yes,no,yes,no,no,no,yes
Arthur Compton,no,no,yes,no,yes,no,no,yes,no,no,no,no,no,no,no,no,no,no,yes,no,no,no,no,no,no
Arthur Eddington,yes,yes,yes,yes,no,no,no,no,yes,no,no,no,no,no,no,yes,yes,yes,yes,no,no,no,no,no,yes
Arthur Iberall,no,no,no,no,yes,no,no,no,no,no,no,no,no,no,no,no,no,no,no,no,no,no,no,no,no
Arthur Korn,no,no,no,no,no,no,no,no,no,no,yes,no,no,no,no,yes,no,no,yes,no,no,no,no,no,no
Arthur Leonard Schawlow,yes,no,yes,no,yes,yes,no,no,no,no,no,no,no,no,no,no,no,no,yes,no,no,no,no,no,no
Arthur Maitland,no,no,no,no,no,no,no,no,no,no,no,no,no,no,no,yes,no,no,no,no,no,no,no,no,no
Arthur Wightman,no,no,yes,no,yes,no,no,yes,no,no,no,no,no,no,no,no,no,no,yes,no,no,no,no,no,no
Asım Orhan Barut,yes,yes,yes,yes,yes,yes,yes,no,no,no,no,yes,no,no,no,no,no,yes,yes,no,yes,no,no,no,no
Baien Tomlin,no,no,no,no,no,no,no,no,no,no,no,no,no,no,no,yes,no,no,no,no,no,no,no,no,no
Balthasar van der Pol,no,yes,yes,no,no,no,no,no,no,no,no,yes,no,no,no,yes,no,no,yes,no,no,no,no,no,no
Basilis C. Xanthopoulos,no,no,no,no,no,no,no,no,no,no,no,no,no,no,no,yes,no,no,yes,no,yes,no,no,no,no
Behram Kurşunoğlu,yes,yes,yes,yes,no,yes,yes,no,yes,no,no,no,yes,no,no,no,no,no,yes,no,yes,yes,no,no,no
Benjamin W. Lee,yes,yes,yes,yes,yes,yes,yes,yes,no,no,no,no,yes,no,no,no,no,yes,yes,no,yes,no,no,no,no
Bernhard Philberth,no,no,no,no,no,no,no,no,no,no,yes,no,no,no,no,yes,no,no,yes,no,no,no,no,no,no
Bertha Swirles,no,no,no,no,no,no,no,no,yes,no,no,no,no,no,no,yes,no,no,yes,no,no,no,no,no,no
Bertram Brockhouse,yes,no,yes,no,yes,no,no,no,no,no,no,no,no,no,no,no,no,no,yes,no,yes,no,no,no,no
Bice Sechi-Zorn,yes,yes,yes,yes,yes,yes,no,no,no,no,no,no,no,no,no,no,no,no,no,no,no,no,no,no,no
Boris Chirikov,yes,yes,yes,no,no,no,no,no,no,yes,no,no,no,no,no,yes,no,no,yes,no,no,no,no,no,no
Boris Podolsky,yes,yes,yes,no,yes,yes,no,yes,no,no,no,no,no,yes,no,no,no,no,yes,no,no,no,no,no,no
Boyd Bartlett,no,no,no,no,yes,no,no,no,no,no,no,no,no,no,no,no,no,no,no,no,no,no,no,no,no
Bruno Pontecorvo,yes,yes,yes,no,no,yes,no,no,no,yes,no,yes,no,yes,no,yes,yes,yes,yes,no,no,no,no,yes,no
Bruno Rossi,no,yes,yes,no,yes,no,no,no,no,no,no,yes,no,no,no,yes,no,yes,yes,no,no,no,no,no,yes
Bruno Touschek,yes,yes,yes,yes,no,no,no,no,yes,yes,yes,no,yes,no,yes,no,no,no,yes,no,no,yes,no,no,no
Bruno Zumino,yes,yes,yes,yes,no,yes,no,no,no,no,no,yes,no,no,no,yes,yes,no,yes,no,no,no,no,no,no
C. F. Powell,yes,yes,yes,no,no,no,no,no,yes,no,no,no,no,no,no,yes,yes,no,yes,no,no,no,no,no,no
C. V. Raman,yes,yes,yes,no,no,no,yes,no,no,no,no,no,no,yes,no,no,no,no,yes,no,no,no,no,no,no
Carl David Anderson,yes,no,yes,no,yes,yes,no,yes,no,no,no,no,no,no,no,no,no,no,yes,no,no,no,no,no,no
Carl Eckart,no,no,no,no,yes,no,no,no,no,no,no,no,no,no,no,no,no,no,yes,no,no,no,no,no,no
Carl Friedrich von Weizsäcker,yes,yes,yes,no,no,no,no,no,no,no,yes,no,no,no,no,yes,no,no,yes,no,no,no,no,no,no
Carl Hermann,no,no,no,no,no,no,no,no,no,no,yes,no,no,no,no,yes,no,no,no,no,no,no,no,no,no
Carl Ramsauer,no,no,no,no,no,no,no,no,no,no,yes,no,no,no,no,yes,no,no,yes,no,no,no,no,no,no
Carl Sagan,yes,no,yes,no,yes,yes,no,yes,no,no,no,no,no,no,no,no,no,no,yes,no,no,no,no,no,yes
Carl-Gustaf Rossby,yes,yes,yes,no,yes,yes,no,no,no,no,yes,no,yes,no,no,yes,no,yes,yes,no,no,no,no,no,no
Carlo Marangoni,no,yes,yes,no,no,no,no,no,no,no,no,yes,no,no,no,yes,no,no,yes,no,no,no,no,no,no
Carolina Henriette MacGillavry,no,no,no,no,no,no,no,no,no,no,no,no,no,no,no,yes,no,no,no,no,no,no,no,no,no
César Lattes,no,no,no,no,no,no,no,no,no,no,no,no,no,no,no,no,no,no,yes,no,yes,no,no,no,no
Charles Critchfield,yes,no,yes,no,yes,yes,no,yes,no,no,no,no,no,no,no,no,no,no,yes,no,no,no,no,no,no
Charles Édouard Guillaume,yes,yes,yes,no,no,no,no,no,no,no,no,yes,no,no,no,yes,no,no,yes,no,no,no,no,no,no
Charles Galton Darwin,yes,yes,yes,no,no,yes,no,no,yes,no,no,no,no,yes,no,yes,yes,no,yes,no,no,no,no,yes,no
Charles Glover Barkla,yes,yes,yes,no,no,no,no,no,yes,no,no,no,no,no,no,yes,yes,no,yes,no,no,no,no,yes,no
Charles H. Henry,no,no,no,no,yes,no,no,no,no,no,no,no,no,no,no,no,no,no,yes,no,no,no,no,no,no
Charles H. Townes,no,no,yes,yes,yes,no,no,yes,no,no,no,no,yes,no,no,no,no,no,yes,no,no,no,no,no,no
Charles Thomson Rees Wilson,yes,yes,yes,no,no,no,no,no,yes,no,no,no,no,no,no,yes,yes,no,yes,no,no,no,no,yes,no
Charlotte Riefenstahl,no,no,no,no,no,no,no,no,no,no,yes,no,no,no,no,yes,no,no,yes,no,no,no,no,no,no
Chien-Shiung Wu,yes,yes,yes,no,yes,yes,yes,yes,no,no,no,no,yes,yes,no,no,no,yes,yes,no,yes,no,no,no,no
Christian Gerthsen,no,no,no,no,no,no,no,no,no,no,yes,no,no,no,no,yes,no,yes,yes,no,yes,no,no,no,no
Clifford Shull,no,no,no,no,yes,no,no,no,no,no,no,no,no,no,no,no,no,no,yes,no,no,no,no,no,no
Clinton Davisson,yes,no,yes,no,yes,yes,no,yes,no,no,no,no,no,no,no,no,no,no,yes,no,no,no,no,no,no
David Bohm,yes,no,yes,no,yes,yes,no,yes,yes,no,no,no,yes,yes,no,yes,yes,yes,yes,no,yes,no,no,no,no
David Enskog,no,no,no,no,no,no,no,no,no,no,yes,no,no,no,no,yes,no,no,yes,no,no,no,no,no,no
David Finkelstein,no,no,no,no,yes,no,no,no,no,no,no,no,no,no,no,no,no,no,yes,no,no,no,no,no,no
David M. Dennison,no,no,no,no,yes,no,no,no,no,no,no,no,no,no,no,no,no,no,yes,no,no,no,no,no,no
David Olive,yes,yes,yes,no,no,no,no,no,yes,no,no,no,no,no,no,yes,yes,no,yes,no,no,no,no,no,no
Deborah S. Jin,yes,no,yes,no,yes,yes,no,yes,no,no,no,no,no,no,no,no,no,no,yes,no,no,no,no,no,no
Dennis Gabor,no,yes,yes,no,no,no,no,no,no,no,yes,no,yes,no,no,yes,no,no,yes,no,no,no,no,no,no
Dennis W. Sciama,no,yes,yes,yes,no,no,no,no,yes,no,no,no,no,no,no,yes,no,no,yes,no,no,no,no,no,no
Dmitry Shirkov,no,yes,yes,yes,no,no,no,no,no,yes,no,no,no,no,no,yes,no,no,yes,no,no,no,no,no,no
Dmitry Zubarev,no,yes,yes,no,no,no,no,no,no,yes,no,no,no,no,no,yes,no,no,yes,no,no,no,no,no,no
Donald A. Glaser,no,no,yes,no,yes,no,no,yes,no,no,no,no,yes,no,no,no,no,no,yes,no,no,no,no,no,no
Dorothy Hodgkin,no,yes,yes,yes,no,no,no,no,yes,no,no,no,no,no,no,yes,no,no,yes,no,yes,no,no,no,no
Douglas Hartree,no,yes,yes,no,no,no,no,no,yes,no,no,no,no,no,no,yes,no,no,yes,no,no,no,no,no,no
Edward Arthur Milne,yes,yes,yes,no,no,no,no,no,yes,no,no,no,no,no,no,yes,yes,no,yes,no,no,no,no,no,yes
Edward Bouchet,no,no,yes,no,yes,no,no,yes,no,no,no,no,no,no,no,no,no,no,yes,no,no,no,no,no,no
Edward Condon,no,no,yes,no,yes,no,no,yes,no,no,no,no,no,no,no,no,no,no,yes,no,no,no,no,no,no
Edward Mills Purcell,yes,no,yes,no,yes,yes,no,yes,no,no,no,no,no,no,no,no,no,no,yes,no,no,no,no,yes,no
Edward P. Ney,no,no,yes,no,yes,no,no,yes,no,no,no,no,no,no,no,no,no,no,yes,no,no,no,no,no,yes
Edward Ramberg,no,no,no,no,yes,no,no,no,no,no,no,no,no,no,no,no,no,no,no,no,no,no,no,no,no
Edward Teller,no,no,no,yes,yes,no,no,no,no,no,no,no,no,no,no,yes,no,yes,yes,no,no,no,no,no,no
Edward Victor Appleton,yes,yes,yes,no,no,no,no,no,yes,no,no,no,no,no,no,yes,yes,no,yes,no,no,no,no,yes,no
Edwin C. Kemble,no,no,no,no,yes,no,no,no,no,no,no,no,no,no,no,no,no,no,yes,no,no,no,no,no,no
Edwin Ernest Salpeter,no,no,no,no,yes,no,no,no,no,no,no,no,no,no,no,no,no,no,yes,no,no,no,no,no,yes
Edwin Hall,yes,no,yes,no,yes,yes,no,yes,no,no,no,no,no,no,no,no,no,no,yes,no,no,no,no,no,no
Edwin Hubble,yes,no,yes,yes,yes,yes,no,yes,no,no,no,no,no,no,no,no,no,no,yes,no,no,no,no,no,yes
Edwin Thompson Jaynes,yes,no,yes,no,yes,yes,no,yes,no,no,no,no,no,no,no,no,no,no,yes,no,no,no,no,no,no
Egon Orowan,no,no,no,no,no,no,no,no,no,yes,no,no,no,no,no,no,no,no,yes,no,no,no,no,no,no
Elephter Andronikashvili,no,no,no,no,no,no,no,no,no,no,no,no,no,no,no,no,no,no,yes,no,yes,no,no,no,no
Elmer Imes,no,no,no,no,yes,no,no,no,no,no,no,no,no,no,no,no,no,no,yes,no,no,no,no,no,no
Emil Wiechert,yes,yes,yes,no,no,no,no,no,no,yes,yes,no,yes,no,no,yes,no,no,yes,no,no,no,no,no,no
Emilio Segrè,yes,yes,yes,no,yes,yes,no,no,no,no,no,yes,no,no,no,yes,no,yes,yes,no,no,no,no,no,no
Emmy Noether,yes,yes,yes,no,no,yes,no,no,no,no,yes,no,no,no,no,yes,no,no,yes,no,no,no,no,no,no
Enrico Fermi,yes,yes,yes,no,yes,yes,no,no,no,no,no,yes,no,yes,no,yes,yes,yes,yes,no,no,no,yes,yes,no
Erdal İnönü,no,no,yes,no,no,no,yes,yes,no,no,no,no,yes,no,no,no,no,no,yes,no,yes,no,no,no,no
Erhard Kietz,no,no,no,no,no,no,no,no,no,no,yes,no,no,no,no,yes,no,no,yes,no,no,no,no,no,no
Ernest Esclangon,no,no,no,no,no,no,no,no,no,no,no,no,no,no,no,yes,no,no,yes,yes,no,no,no,no,yes
Ernest Lawrence,yes,no,yes,yes,yes,yes,no,yes,no,no,no,no,yes,no,no,no,no,no,yes,no,no,no,no,no,no
Ernest Rutherford,no,no,no,yes,no,no,no,no,yes,no,no,no,no,no,no,yes,no,yes,yes,no,yes,no,no,no,no
Ernest Titterton,no,yes,yes,yes,no,no,no,no,yes,no,no,no,no,no,no,yes,no,no,yes,no,no,no,no,no,no
Ernest Walton,yes,yes,no,no,no,no,no,no,no,no,no,no,no,no,no,yes,yes,no,yes,no,no,no,no,no,no
Ernst Abbe,no,yes,yes,yes,no,no,no,no,no,no,yes,no,no,no,no,yes,no,no,yes,no,no,no,no,no,no
Ernst Brüche,no,no,no,no,no,no,no,no,no,no,yes,no,no,no,no,yes,no,no,yes,no,no,no,no,no,no
Ernst Ising,no,no,no,no,no,no,no,no,no,no,yes,no,no,no,no,yes,no,no,yes,no,no,no,no,no,no
Ernst Mach,yes,yes,yes,yes,no,no,no,no,no,no,no,no,no,no,yes,yes,no,yes,yes,no,yes,no,no,no,no
Ernst Ruska,no,yes,yes,no,no,no,no,no,no,no,yes,no,no,no,no,yes,no,no,yes,no,no,no,no,no,no
Ernst Stueckelberg,no,no,no,no,no,no,no,no,no,no,no,no,no,no,no,yes,no,no,yes,no,no,no,no,no,no
Erwin Fues,no,no,no,no,no,no,no,no,no,no,yes,no,no,no,no,yes,no,no,yes,no,no,no,no,no,no
Erwin Schrödinger,yes,yes,yes,no,no,no,no,no,no,no,no,no,no,yes,yes,yes,yes,yes,yes,no,no,no,no,no,no
Ettore Majorana,no,no,no,no,no,no,no,no,no,no,no,yes,no,no,no,yes,no,no,yes,no,no,no,no,no,no
Eugene Feenberg,no,no,no,no,yes,no,no,no,no,no,no,no,no,no,no,no,no,no,no,no,no,no,no,no,no
Eugene T. Booth,no,no,no,no,yes,no,no,no,no,no,no,no,no,no,no,no,no,no,yes,no,no,no,no,no,no
Eugene Wigner,yes,yes,yes,yes,yes,yes,no,no,no,no,yes,no,no,no,no,yes,yes,yes,yes,no,no,no,no,no,no
Evgeny Lifshitz,no,no,no,no,no,no,no,no,no,yes,no,no,no,no,no,yes,no,no,yes,no,no,no,no,no,no
Felix Bloch,yes,yes,yes,no,no,yes,no,no,no,no,yes,yes,yes,no,no,yes,no,no,yes,no,no,no,no,no,no
Felix Ehrenhaft,no,yes,yes,no,no,no,no,no,no,no,no,no,no,no,yes,yes,no,no,yes,no,no,no,no,no,no
Feza Gürsey,no,yes,yes,no,no,no,yes,no,yes,no,no,no,yes,no,no,no,no,no,yes,no,yes,no,no,no,no
Floyd K. Richtmyer,no,no,yes,no,yes,no,no,yes,no,no,no,no,no,no,no,no,no,no,yes,no,no,no,no,no,no
Francis G. Slack,no,no,no,no,yes,no,no,no,no,no,no,no,no,no,no,no,no,no,yes,no,no,no,no,no,no
Francisco José Ynduráin,yes,yes,yes,no,no,no,no,no,no,no,no,no,no,no,no,yes,no,no,yes,no,yes,no,no,no,no
Franz S. Exner,no,yes,yes,yes,no,no,no,no,no,no,no,no,no,no,yes,yes,no,no,yes,no,no,no,no,no,no
Fred Hoyle,no,no,no,yes,no,no,no,no,yes,no,no,no,no,no,no,yes,no,no,yes,no,no,no,no,no,yes
Frederick Grover,no,no,no,no,yes,no,no,no,no,no,no,no,no,no,no,no,no,no,no,no,no,no,no,no,no
Frederick Reines,yes,no,no,no,yes,yes,no,no,no,no,no,no,no,no,no,no,no,no,yes,no,no,no,no,no,no
Frederick Seitz,no,no,yes,no,yes,no,no,yes,no,no,no,no,yes,no,no,no,no,no,yes,no,no,no,no,no,no
Friedrich Burmeister,no,no,no,no,no,no,no,no,no,no,yes,no,no,no,no,yes,no,no,no,no,no,no,no,no,no
Friedrich Ernst Dorn,no,yes,yes,no,no,no,no,no,no,yes,yes,no,no,no,no,yes,no,no,yes,no,no,no,no,no,no
Friedrich Hasenöhrl,no,yes,yes,yes,no,no,no,no,no,no,no,no,no,no,yes,yes,no,yes,yes,no,no,no,no,no,no
Friedrich Hund,no,no,no,no,no,no,no,no,no,no,yes,no,no,no,no,yes,no,no,yes,no,no,no,no,no,no
Frits Zernike,yes,yes,yes,no,no,no,no,no,no,no,no,yes,no,no,no,yes,no,no,yes,no,no,no,no,no,no
Fritz Houtermans,no,no,no,no,no,no,no,no,no,no,yes,no,no,no,no,yes,no,no,yes,no,no,no,no,no,no
G. I. Taylor,no,yes,yes,no,no,no,no,no,yes,no,no,no,no,no,no,yes,no,no,yes,no,no,no,no,yes,no
G. N. Glasoe,no,no,no,no,yes,no,no,no,no,no,no,no,no,no,no,no,no,no,yes,no,no,no,no,no,no
G. V. Skrotskii,no,no,no,no,no,no,no,no,no,yes,no,no,no,no,no,yes,no,no,no,no,no,no,no,no,no
Gabriel Lippmann,yes,yes,yes,no,no,no,no,no,no,no,no,no,no,no,no,yes,no,no,yes,yes,no,no,no,no,no
Gabriele Rabel,no,no,no,no,no,no,no,no,no,no,no,no,no,no,no,yes,no,no,no,no,no,no,no,no,no
George B. Pegram,yes,no,yes,no,yes,yes,no,yes,no,no,no,no,no,no,no,no,no,no,yes,no,no,no,no,no,no
George Gamow,yes,yes,yes,no,yes,yes,no,no,no,yes,no,no,no,yes,no,yes,yes,yes,yes,no,no,no,no,no,yes
George Paget Thomson,no,yes,yes,no,no,no,no,no,yes,no,no,no,no,no,no,yes,no,no,yes,no,no,no,no,yes,no
George Uhlenbeck,yes,yes,yes,yes,yes,yes,no,no,no,no,no,yes,no,no,no,yes,no,yes,yes,no,no,no,no,no,no
George William Hill,no,no,no,no,yes,no,no,no,no,no,no,no,no,no,no,no,no,no,yes,no,no,no,no,no,yes
Georges Charpak,no,yes,yes,no,no,no,no,no,no,no,no,no,no,no,no,yes,no,yes,yes,yes,no,no,no,no,no
Georges Lemaître,yes,yes,yes,no,no,no,no,yes,yes,no,no,no,yes,no,no,yes,no,no,yes,no,yes,no,no,no,yes
Georges Sagnac,yes,no,no,no,no,no,no,no,no,no,no,no,no,no,no,yes,no,no,yes,yes,no,no,no,no,no
Georgy Flyorov,yes,yes,yes,no,no,no,no,no,no,yes,no,no,no,no,no,yes,no,no,yes,no,no,no,no,no,no
Gerald Feinberg,no,no,no,no,yes,no,no,no,no,no,no,no,no,no,no,no,no,no,yes,no,no,no,no,no,no
Gerald Goertzel,no,no,yes,no,yes,no,no,yes,no,no,no,no,no,no,no,no,no,no,no,no,no,no,no,no,no
Gerald Guralnik,yes,no,yes,no,yes,yes,no,yes,no,no,no,no,no,no,no,no,yes,no,yes,no,no,no,no,no,no
Gerard K. O'Neill,no,no,yes,no,yes,no,no,yes,no,no,no,no,no,no,no,no,no,no,yes,no,no,no,no,no,yes
Gersh Budker,yes,no,no,no,no,no,no,no,no,yes,no,no,no,no,no,yes,no,no,yes,no,no,no,no,no,no
Gian-Carlo Wick,no,no,no,no,no,no,no,no,no,no,no,yes,no,no,no,yes,no,no,yes,no,no,no,no,no,no
Gilbert Ronald Bainbridge,no,no,no,no,no,no,no,no,no,no,no,no,no,no,no,yes,no,no,no,no,no,no,no,no,no
Gleb Wataghin,no,yes,yes,no,no,no,no,no,no,yes,no,yes,no,no,no,yes,no,no,yes,no,no,no,no,no,no
Gregor Wentzel,no,yes,yes,no,no,no,no,no,no,no,yes,no,no,no,no,yes,no,no,yes,no,no,no,no,no,no
Grigory Landsberg,no,no,no,no,no,no,no,no,no,yes,no,no,no,no,no,yes,no,no,yes,no,no,no,no,no,no
Guglielmo Marconi,no,yes,yes,yes,no,no,no,no,no,no,no,yes,no,no,no,yes,no,no,yes,no,no,no,no,no,no
Guido Altarelli,yes,yes,yes,no,no,no,no,no,no,no,no,yes,no,no,no,yes,no,no,yes,no,no,no,no,no,no
Gunnar Nordström,yes,yes,yes,yes,no,no,no,no,no,no,no,yes,no,no,no,yes,no,no,yes,no,yes,no,no,no,no
Gurgen Askaryan,no,no,no,no,no,no,no,no,no,yes,no,no,no,no,no,yes,no,no,yes,no,no,no,no,no,no
Gustaf Dalén,yes,yes,yes,no,no,no,no,no,no,no,yes,no,no,no,no,yes,no,no,yes,no,no,no,no,no,no
Gustav Ludwig Hertz,yes,yes,yes,no,no,no,no,no,no,no,yes,no,no,no,no,yes,no,no,yes,no,no,no,no,no,no
H. Pierre Noyes,no,no,yes,no,yes,no,no,yes,no,no,no,no,no,no,no,no,no,no,yes,no,no,no,no,no,no
Hannes Alfvén,no,yes,yes,no,no,no,no,no,no,no,yes,no,no,no,no,yes,no,no,yes,no,no,no,no,no,yes
Hans Adolph Buchdahl,no,yes,yes,yes,no,no,yes,no,yes,no,yes,no,yes,no,no,yes,no,yes,yes,no,no,no,no,no,no
Hans Bethe,no,yes,yes,yes,yes,no,no,no,no,no,yes,no,no,no,no,yes,no,yes,yes,no,no,no,no,no,no
Hans Geiger,yes,no,no,no,no,no,no,no,no,no,yes,no,no,no,no,yes,yes,no,yes,no,no,no,no,no,no
Hans Henrik Andersen,no,no,no,no,no,no,no,no,no,no,no,no,no,no,no,yes,no,no,no,no,no,no,no,no,no
Hans Kramers,no,yes,yes,no,no,no,no,no,no,no,no,yes,no,no,no,yes,no,no,yes,no,no,no,no,no,no
Hans Ziegler,no,no,no,no,no,no,no,no,no,no,no,no,no,no,no,yes,no,no,no,no,no,no,no,no,no
Harrie Massey,no,yes,yes,yes,no,no,yes,no,yes,no,no,no,yes,no,no,no,no,no,yes,no,no,yes,no,no,no
Hasan Abdullayev,no,yes,yes,yes,no,no,yes,no,no,yes,no,no,no,no,no,yes,no,yes,yes,no,yes,no,no,no,no
Heike Kamerlingh Onnes,yes,yes,yes,no,no,no,no,no,no,no,yes,yes,yes,no,no,yes,no,no,yes,no,no,no,no,no,no
Heinrich Kayser,yes,yes,yes,no,no,no,no,no,no,no,yes,no,yes,no,no,yes,yes,no,yes,no,no,no,no,no,no
Heinrich Rohrer,no,no,no,no,no,no,no,no,no,no,no,no,no,no,no,yes,no,no,yes,no,no,no,no,no,no
Heinrich Welker,no,no,no,no,no,no,no,no,no,no,yes,no,no,no,no,yes,no,no,yes,no,no,no,no,no,no
Heinz Barwich,no,no,no,no,no,no,no,no,no,no,yes,no,no,no,no,yes,no,no,yes,no,no,no,no,no,no
Heinz Pagels,yes,no,yes,yes,yes,yes,no,yes,no,no,no,no,yes,no,no,no,no,no,yes,no,no,no,no,no,no
Heinz Pose,yes,yes,yes,yes,no,no,no,no,no,yes,yes,no,yes,yes,no,yes,no,no,yes,no,no,no,no,no,no
Helmut Hönl,no,no,no,no,no,no,no,no,no,no,yes,no,no,no,no,yes,no,no,yes,no,no,no,no,no,no
Hendrik Casimir,yes,yes,yes,yes,no,no,no,no,no,no,no,yes,no,no,no,yes,no,no,yes,no,no,no,no,no,no
Hendrik Lorentz,no,yes,yes,no,no,no,no,no,no,no,no,yes,no,no,no,yes,no,no,yes,no,no,no,no,no,no
Henk Dorgelo,no,no,no,no,no,no,no,no,no,no,no,yes,no,no,no,yes,no,no,yes,no,no,no,no,no,no
Henri Becquerel,no,yes,yes,no,no,no,no,no,no,no,no,no,no,no,no,yes,no,no,yes,yes,no,no,no,no,no
Henri Poincaré,yes,yes,yes,yes,no,no,no,no,no,no,no,no,yes,no,no,yes,no,no,yes,yes,no,no,no,no,no
Henry Margenau,yes,no,yes,no,yes,yes,no,yes,no,no,yes,no,no,no,no,yes,no,yes,yes,no,no,no,no,no,no
Henry Moseley,no,yes,yes,no,no,no,no,no,yes,no,no,no,no,no,no,yes,no,yes,yes,no,no,no,no,no,no
Henry Way Kendall,no,no,yes,no,yes,no,no,yes,no,no,no,no,no,no,no,no,no,no,yes,no,no,no,no,no,no
Herbert L. Anderson,no,no,no,no,yes,no,no,no,no,no,no,no,no,no,no,no,no,no,yes,no,no,no,no,no,no
Herman Feshbach,no,no,no,no,yes,no,no,no,no,no,no,no,no,no,no,no,no,no,yes,no,no,no,no,no,no
Hermann Brück,no,no,no,no,no,no,no,no,no,no,yes,no,no,no,no,yes,no,no,yes,no,no,no,no,no,yes
Hermann Weyl,yes,yes,yes,no,no,yes,no,no,no,no,yes,no,no,no,no,yes,yes,no,yes,no,no,no,no,no,no
Hideki Yukawa,no,no,yes,no,no,no,yes,no,no,no,no,no,no,no,no,no,no,no,yes,no,no,no,no,no,no
Homi J. Bhabha,yes,yes,yes,yes,no,no,yes,no,yes,no,no,no,yes,no,no,no,yes,no,yes,no,no,no,no,yes,no
Howard Brandt,yes,no,yes,yes,yes,yes,no,yes,no,no,no,no,no,no,no,no,no,no,yes,no,no,no,no,no,no
Igor Kurchatov,yes,yes,yes,no,no,no,no,no,no,yes,no,no,yes,no,no,yes,no,no,yes,no,no,no,no,no,no
Igor Tamm,no,yes,yes,no,no,no,no,no,yes,yes,no,no,yes,no,no,yes,no,no,yes,no,no,no,no,no,no
Igor Ternov,no,yes,yes,no,no,no,no,no,no,yes,no,no,no,no,no,yes,no,no,yes,no,no,no,no,no,no
Ilya Frank,yes,yes,yes,no,no,no,no,no,no,yes,no,no,no,no,no,yes,no,no,yes,no,no,no,no,no,no
Ilya Prigogine,yes,yes,yes,no,no,yes,no,no,no,no,no,no,no,no,no,yes,no,no,yes,no,yes,no,no,no,no
Irène Joliot-Curie,no,yes,yes,yes,no,no,no,no,no,no,no,no,no,no,no,yes,no,no,yes,yes,no,no,no,no,no
Irving Langmuir,no,yes,yes,no,yes,no,no,yes,no,no,yes,no,yes,no,no,no,no,no,yes,no,no,no,no,no,no
Isidor Isaac Rabi,yes,no,yes,no,yes,yes,no,yes,no,no,no,no,no,no,yes,no,no,no,yes,no,no,no,yes,no,no
Ivan Puluj,no,yes,yes,no,no,no,no,no,no,no,no,no,yes,no,yes,yes,no,no,yes,no,yes,no,no,no,no
J. Hans D. Jensen,no,yes,yes,no,no,no,no,no,no,no,yes,no,no,no,no,yes,no,no,yes,no,no,no,no,no,no
J. J. Thomson,yes,yes,yes,no,no,no,no,no,yes,no,no,no,no,no,no,yes,yes,no,yes,no,no,no,yes,yes,no
J. Robert Oppenheimer,yes,yes,yes,no,yes,yes,no,yes,yes,no,yes,no,yes,no,no,no,no,no,yes,no,no,no,no,no,no
Jack Kilby,no,no,yes,no,yes,no,no,yes,no,no,no,no,no,no,no,no,no,no,yes,no,no,no,no,no,no
Jagadish Chandra Bose,no,yes,yes,yes,no,no,yes,no,yes,no,no,no,yes,no,no,yes,no,no,yes,no,no,yes,no,yes,yes
Jamal Nazrul Islam,no,yes,yes,no,no,no,yes,no,yes,no,no,no,yes,no,no,no,no,no,yes,no,yes,no,no,no,yes
James Alfred Ewing,no,no,no,no,no,no,no,no,yes,no,no,no,no,no,no,yes,no,no,yes,no,no,no,no,no,no
James Chadwick,no,yes,yes,no,no,no,no,no,yes,no,no,no,no,no,no,yes,no,no,yes,no,no,no,no,no,no
James Cronin,yes,no,yes,no,yes,yes,no,yes,no,no,no,no,no,no,no,no,no,no,yes,no,no,no,no,no,no
James Dewar,no,yes,yes,no,no,no,no,no,yes,no,no,no,no,no,no,yes,no,no,yes,no,no,no,no,no,no
James Franck,yes,yes,yes,no,yes,yes,no,no,no,no,yes,no,no,no,no,yes,no,yes,yes,no,no,no,no,no,no
James Hopwood Jeans,yes,yes,yes,no,no,yes,no,no,yes,no,no,no,no,no,no,yes,yes,no,yes,no,no,no,no,no,yes
James R. Wait,no,no,no,no,yes,no,no,no,no,no,no,no,no,no,no,no,no,no,yes,no,yes,no,no,no,no
James Rainwater,yes,no,yes,no,yes,yes,no,yes,no,no,no,no,no,no,no,no,yes,no,yes,no,no,no,no,no,no
Jan Burgers,no,yes,yes,yes,no,no,no,no,no,no,no,yes,no,no,no,yes,no,no,yes,no,no,no,no,no,no
Jean Baptiste Perrin,yes,yes,yes,no,no,no,no,no,no,no,no,no,no,no,no,yes,no,no,yes,yes,no,no,no,no,no
Jean-Pierre Vigier,no,no,no,no,no,no,no,no,no,no,no,no,no,no,no,yes,no,no,yes,yes,no,no,no,no,no
Jens Martin Knudsen,no,yes,yes,no,no,no,no,no,no,no,no,no,no,no,no,yes,no,no,yes,no,yes,no,no,no,yes
Joan Maie Freeman,yes,yes,yes,no,no,no,no,no,yes,no,no,no,no,no,no,no,no,no,yes,no,no,no,no,no,no
Joël Scherk,no,no,no,no,no,no,no,no,no,no,no,no,no,no,no,yes,no,no,no,no,no,no,no,no,no
Johannes Bosscha,no,yes,yes,no,no,no,no,no,no,no,no,yes,no,no,no,yes,no,no,yes,no,no,no,no,no,no
Johannes Diderik van der Waals,yes,yes,yes,no,no,no,no,no,no,no,no,yes,no,no,no,yes,no,no,yes,no,no,no,no,no,no
Johannes Fischer,no,no,no,no,no,no,no,no,no,no,yes,no,no,no,no,yes,no,no,no,no,no,no,no,no,no
Johannes Rydberg,yes,no,no,no,no,no,no,no,no,no,yes,no,no,no,no,yes,no,no,yes,no,no,no,no,no,no
Johannes Stark,yes,yes,yes,no,no,no,no,no,no,no,yes,no,no,no,no,yes,no,no,yes,no,no,no,no,no,no
John Alexander Simpson,yes,no,yes,no,yes,yes,no,yes,no,no,no,no,no,no,no,no,no,no,yes,no,no,no,no,no,no
John Archibald Wheeler,yes,no,yes,yes,yes,yes,no,yes,no,no,no,no,no,no,no,no,no,no,yes,no,no,no,yes,no,no
John Bardeen,yes,no,yes,yes,yes,yes,no,yes,no,no,no,no,no,no,no,no,no,no,yes,no,no,no,no,no,no
John C. Slater,no,no,yes,no,yes,no,no,yes,no,no,no,no,no,no,no,no,no,no,yes,no,no,no,no,no,no
John Clive Ward,yes,yes,yes,no,no,yes,no,no,yes,no,no,no,no,yes,no,yes,no,yes,yes,no,no,no,no,no,no
John Cockcroft,yes,yes,yes,no,no,no,no,no,yes,no,no,no,yes,no,no,yes,yes,no,yes,no,no,no,no,no,no
John H. Hubbell,no,no,no,no,yes,no,no,no,no,no,no,no,no,no,no,no,no,no,no,no,no,no,no,no,no
John Hasbrouck Van Vleck,yes,no,yes,no,yes,yes,no,yes,no,no,no,no,no,no,no,no,yes,no,yes,no,no,no,yes,no,no
John Henry Poynting,yes,yes,yes,yes,no,no,no,no,yes,no,no,no,no,no,no,yes,yes,no,yes,no,no,no,no,no,no
John Hubbard (physicist),yes,yes,yes,no,no,yes,no,no,yes,no,no,no,no,no,no,yes,yes,no,yes,no,no,no,no,no,no
John J. Turin,no,no,no,no,yes,no,no,no,no,no,no,no,no,no,no,no,no,no,no,no,no,no,no,no,yes
John Joseph Montgomery,no,no,yes,no,yes,no,no,yes,no,no,no,no,no,no,no,no,no,no,yes,no,no,no,no,no,no
John Kerr (physicist),no,no,no,no,no,no,no,no,yes,no,no,no,no,no,no,yes,no,no,yes,no,no,no,no,no,no
John Lennard-Jones,no,yes,yes,no,no,no,no,no,yes,no,no,no,no,no,no,yes,no,no,yes,no,no,no,no,no,no
John Linsley,yes,no,yes,no,yes,yes,no,yes,no,no,no,no,no,no,no,no,no,no,yes,no,no,no,no,no,no
John Pasta,no,no,yes,no,yes,no,no,yes,no,no,no,no,no,no,no,no,no,no,yes,no,no,no,no,no,no
John R. Winckler,no,no,no,no,yes,no,no,no,no,no,no,no,no,no,no,no,no,no,yes,no,no,no,no,no,no
John Sealy Townsend,yes,yes,yes,no,no,no,no,no,yes,no,no,no,yes,no,no,yes,yes,yes,yes,no,yes,no,no,yes,no
John Stewart Bell,yes,yes,yes,no,no,yes,no,no,yes,no,no,no,no,no,no,yes,yes,no,yes,no,no,no,no,no,no
John von Neumann,yes,yes,yes,no,yes,yes,no,no,no,no,no,yes,yes,no,no,yes,no,yes,yes,no,no,no,no,no,no
"John William Strutt, 3rd Baron Rayleigh",yes,yes,yes,no,no,no,no,no,yes,no,no,no,no,no,no,yes,yes,no,yes,no,no,no,no,no,no
John Zeleny,no,yes,yes,yes,yes,no,no,yes,yes,no,no,no,yes,no,no,yes,no,yes,no,no,yes,no,no,yes,no
José Enrique Moyal,no,yes,yes,no,no,no,no,no,yes,no,no,no,no,no,no,no,no,no,yes,yes,no,no,no,no,no
Joseph Larmor,yes,yes,yes,no,no,no,no,no,yes,yes,no,no,yes,no,no,no,yes,no,yes,no,no,no,no,no,no
Joseph Rotblat,no,yes,yes,yes,no,no,no,no,yes,no,no,no,yes,no,no,yes,no,yes,yes,no,no,no,no,no,no
Joseph Swan,no,no,no,no,no,no,no,no,yes,no,no,no,no,no,no,yes,no,no,yes,no,no,no,no,no,no
Josiah Willard Gibbs,yes,no,yes,no,yes,yes,no,yes,no,yes,no,no,no,no,no,no,no,no,yes,no,no,no,no,no,no
Jules Aarons,no,no,no,no,yes,no,no,no,no,no,no,no,no,no,no,no,no,no,yes,no,no,no,no,no,no
Julian Schwinger,no,no,yes,no,yes,no,no,yes,no,no,no,no,no,no,no,no,no,no,yes,no,no,no,yes,no,no
Julius Wess,no,no,no,no,no,no,no,no,no,no,no,no,no,no,yes,yes,no,no,yes,no,no,no,no,no,no
Kai Siegbahn,no,yes,yes,no,no,no,no,no,no,no,yes,no,no,no,no,yes,no,no,yes,no,no,no,no,no,no
Karl Bechert,no,no,no,no,no,no,no,no,no,no,yes,no,no,no,no,yes,no,no,yes,no,no,no,no,no,no
Karl Ferdinand Braun,yes,yes,yes,no,no,no,no,no,no,no,yes,no,no,no,no,yes,no,no,yes,no,no,no,no,no,no
Karl Glitscher,no,no,no,no,no,no,no,no,no,no,yes,no,no,no,no,yes,no,no,yes,no,no,no,no,no,no
Karl Herzfeld,no,yes,yes,yes,yes,no,no,no,no,no,no,no,no,no,yes,yes,no,yes,yes,no,no,no,no,no,no
Karl Schwarzschild,no,yes,yes,no,no,no,no,no,no,no,yes,no,no,no,no,yes,no,no,yes,no,no,no,no,no,yes
Karl Taylor Compton,no,no,yes,no,yes,no,no,yes,no,no,no,no,no,no,no,no,no,no,yes,no,no,no,no,no,no
Karl Wirtz,no,no,no,no,no,no,no,no,no,no,yes,no,no,no,no,yes,no,no,yes,no,no,no,no,no,no
Karl Zimmer,no,no,no,no,no,no,no,no,no,no,yes,no,no,no,no,yes,no,no,yes,no,no,no,no,no,no
Kazimierz Fajans,no,no,no,no,yes,no,no,no,no,no,no,no,no,no,no,no,no,no,yes,no,no,no,no,no,no
Kenneth G. Wilson,yes,no,yes,no,yes,yes,no,yes,no,no,no,no,no,no,no,no,no,no,yes,no,no,no,no,no,no
Konstantin Petrzhak,no,yes,yes,no,no,no,no,no,no,yes,no,no,no,no,no,yes,no,yes,yes,no,no,no,no,no,no
Lars Onsager,no,yes,yes,yes,no,no,no,yes,no,no,no,no,yes,no,no,yes,no,no,yes,no,yes,no,no,no,no
Leo Graetz,no,no,no,no,no,no,no,no,no,no,yes,no,no,no,no,yes,no,no,yes,no,no,no,no,no,no
Leo Kadanoff,yes,no,yes,no,yes,yes,no,yes,no,no,no,no,no,no,no,no,no,no,yes,no,no,no,no,no,no
Leo Szilard,yes,yes,yes,no,yes,yes,no,no,no,no,yes,no,yes,no,no,yes,no,yes,yes,no,no,no,no,yes,no
Léon Brillouin,yes,yes,yes,yes,yes,yes,no,no,no,no,no,no,yes,yes,no,yes,no,yes,yes,yes,no,yes,no,no,no
Léon Van Hove,no,no,no,no,no,no,no,no,no,no,no,no,no,no,no,yes,no,no,yes,no,yes,no,no,no,no
Leonard Ornstein,yes,yes,yes,yes,no,no,no,no,no,no,no,yes,no,no,no,yes,no,no,yes,no,no,no,no,no,no
Leonid Mandelstam,no,no,no,no,no,no,no,no,no,yes,no,no,no,no,no,yes,no,no,yes,no,no,no,no,no,no
Lev Artsimovich,no,no,no,no,no,no,no,no,no,yes,no,no,no,no,no,yes,no,no,yes,no,no,no,no,no,no
Lev Landau,yes,yes,yes,yes,no,no,yes,no,no,yes,no,no,yes,no,no,yes,no,no,yes,no,yes,no,no,yes,no
Lev Okun,no,no,no,no,no,no,no,no,no,yes,no,no,no,no,no,yes,no,no,yes,no,no,no,no,no,no
Lev Shubnikov,no,no,no,no,no,no,no,no,no,yes,no,no,no,no,no,yes,no,no,yes,no,no,no,no,no,no
Lew Kowarski,no,no,no,no,no,no,no,no,no,no,no,no,no,no,no,yes,no,no,yes,no,no,no,no,no,no
Lewi Tonks,no,no,no,no,yes,no,no,no,no,no,no,no,no,no,no,no,no,no,no,no,no,no,no,no,no
Lincoln Wolfenstein,no,no,no,no,yes,no,no,no,no,no,no,no,no,no,no,no,no,no,yes,no,no,no,no,no,no
Lise Meitner,yes,yes,yes,yes,no,no,no,no,no,no,no,no,no,no,yes,yes,no,yes,yes,no,no,no,no,yes,no
Loránd Eötvös,yes,yes,yes,no,no,no,no,no,no,no,yes,no,no,no,no,yes,no,yes,yes,no,no,no,no,no,no
Lorella Jones,no,no,yes,no,no,no,no,yes,no,yes,no,no,no,no,no,no,no,no,yes,no,no,no,no,no,no
Lothar Wolfgang Nordheim,no,no,no,no,yes,no,no,no,no,no,yes,no,no,no,no,yes,no,yes,yes,no,no,no,no,no,no
Louis de Broglie,no,yes,yes,no,no,no,no,no,no,no,no,no,no,no,no,yes,no,no,yes,yes,no,no,no,no,no
Louis Essen,no,no,no,no,no,no,no,no,yes,no,no,no,no,no,no,yes,no,no,yes,no,no,no,no,no,no
Louis Néel,yes,yes,yes,no,no,no,no,no,no,no,no,no,no,no,no,yes,no,no,yes,yes,no,no,no,no,no
Louis Slotin,no,no,no,no,yes,no,no,no,no,no,no,no,no,no,no,no,no,no,yes,no,yes,no,no,no,no
Ludwig Boltzmann,no,yes,yes,no,no,no,no,no,no,no,no,no,no,no,yes,yes,no,no,yes,no,no,no,no,no,no
Ludwig Prandtl,no,yes,yes,yes,no,no,no,no,no,no,yes,no,no,no,no,yes,no,no,yes,no,no,no,no,no,no
Ludwig Waldmann,no,no,no,no,no,no,no,no,no,no,yes,no,no,no,no,yes,no,no,yes,no,no,no,no,no,no
Ludwig Zehnder,no,no,no,no,no,no,no,no,no,no,no,no,no,no,no,yes,no,no,no,no,no,no,no,no,no
Ludwik Silberstein,no,no,no,no,yes,no,no,no,no,no,no,no,no,no,no,no,no,no,yes,no,no,no,no,no,no
Luigi Puccianti,no,yes,yes,no,no,no,no,no,no,no,no,yes,no,no,no,yes,no,no,yes,no,no,no,no,no,no
Luis Walter Alvarez,no,no,yes,no,yes,no,no,yes,no,no,no,no,no,no,no,no,no,no,yes,no,no,no,no,no,no
Mahmoud Hessabi,no,yes,yes,no,no,no,yes,no,no,no,no,no,yes,no,no,no,no,no,yes,yes,yes,no,no,no,no
Manfred von Ardenne,yes,yes,no,yes,no,no,no,no,no,no,yes,no,no,no,no,yes,no,no,yes,no,no,no,no,no,no
Manne Siegbahn,yes,yes,yes,no,no,no,no,no,no,no,yes,no,no,no,no,yes,no,no,yes,no,no,no,no,no,no
Marcel Brillouin,no,no,no,no,no,no,no,no,no,no,yes,no,no,no,no,yes,no,no,yes,no,no,no,no,no,no
Margrete Heiberg Bose,no,no,no,no,no,no,no,no,no,no,no,no,no,no,no,no,no,no,yes,no,yes,no,no,no,no
Maria Goeppert-Mayer,no,yes,yes,no,yes,no,no,no,no,no,yes,no,no,no,no,yes,no,yes,yes,no,no,no,no,no,no
Marian Smoluchowski,no,yes,yes,yes,no,no,no,no,no,no,no,no,no,no,yes,yes,no,no,yes,no,no,no,no,no,no
Marie Alfred Cornu,no,no,no,no,no,no,no,no,no,no,no,no,no,no,no,yes,no,no,yes,yes,no,no,no,no,no
Marie Curie,yes,yes,yes,no,no,no,no,no,no,no,no,no,no,no,no,yes,no,yes,yes,yes,no,no,no,no,no
Mark Oliphant,no,yes,yes,yes,no,no,yes,no,yes,no,no,no,yes,no,no,no,no,no,yes,no,yes,yes,no,no,no
Marshall Rosenbluth,no,no,yes,yes,yes,no,no,yes,no,no,no,no,yes,no,no,no,no,no,yes,no,no,no,no,no,no
Martin Gutzwiller,yes,yes,yes,no,no,yes,no,yes,no,no,no,yes,yes,no,no,yes,no,no,yes,no,no,no,no,no,no
Martin Knudsen,no,no,no,no,no,no,no,no,no,no,no,no,no,no,no,yes,no,no,no,no,no,no,no,no,no
Martin Lewis Perl,yes,no,yes,no,yes,yes,no,yes,no,no,no,no,no,no,no,no,yes,no,yes,no,no,no,no,no,no
Martin Ryle,yes,yes,yes,no,no,no,no,no,yes,no,no,no,no,no,no,yes,yes,no,yes,no,no,no,no,no,yes
Marvin D. Girardeau,no,no,no,no,yes,no,no,no,no,no,no,no,no,no,no,no,no,no,yes,no,no,no,no,no,no
Marvin Leonard Goldberger,no,no,no,no,yes,no,no,no,no,no,no,no,no,no,no,no,no,no,yes,no,no,no,no,no,no
Maurice Goldhaber,no,yes,yes,yes,yes,no,no,no,yes,no,yes,no,yes,no,no,no,no,no,yes,no,no,no,no,no,no
Maurice Loewy,no,no,no,no,no,no,no,no,no,no,no,no,no,no,no,yes,no,no,yes,no,no,no,no,no,yes
Max Born,yes,yes,yes,yes,no,no,no,no,no,no,yes,no,no,no,no,yes,yes,yes,yes,no,no,no,no,yes,no
Max Delbrück,yes,yes,yes,no,yes,yes,no,no,no,no,yes,no,no,no,no,no,no,no,yes,no,no,no,no,no,no
Max Planck,yes,yes,yes,no,no,no,no,no,no,no,yes,no,no,no,no,yes,no,no,yes,no,no,no,yes,no,no
Max Steenbeck,no,no,no,no,no,no,no,no,no,no,yes,no,no,no,no,yes,no,no,yes,no,no,no,no,no,no
Max Volmer,no,no,no,no,no,no,no,no,no,no,yes,no,no,no,no,yes,no,no,yes,no,no,no,no,no,no
Max von Laue,yes,yes,yes,no,no,no,no,no,no,no,yes,no,yes,no,no,yes,yes,no,yes,no,no,no,no,no,no
Meghnad Saha,no,yes,yes,yes,no,no,yes,no,no,no,no,no,yes,no,no,no,no,no,yes,no,yes,no,no,no,yes
Melvin Lax,no,no,no,no,yes,no,no,no,no,no,no,no,no,no,no,no,no,no,yes,no,no,no,no,no,no
Melvin Schwartz,yes,no,yes,no,yes,yes,no,yes,no,no,no,no,no,no,no,no,no,no,yes,no,no,no,no,no,no
Mendel Sachs,yes,no,yes,no,yes,yes,no,yes,no,no,no,no,no,no,no,no,no,no,yes,no,no,no,no,no,no
Mihajlo Pupin,no,no,yes,no,yes,no,no,yes,no,no,no,no,no,no,yes,yes,no,yes,yes,no,yes,no,no,no,no
Mikhail Lavrentyev,yes,yes,yes,no,no,no,no,no,no,yes,no,no,no,no,no,yes,no,no,yes,no,no,no,no,no,no
Milla Baldo-Ceolin,no,yes,yes,no,no,no,no,no,no,no,no,yes,no,no,no,yes,no,no,yes,no,no,no,no,no,no
Milton S. Plesset,yes,no,yes,no,yes,yes,no,yes,no,no,no,no,no,no,no,no,no,no,yes,no,no,no,no,no,no
Nathan Isgur,no,no,no,no,yes,no,no,no,no,yes,no,no,no,no,no,no,no,no,yes,no,no,no,no,no,no
Nathan Rosen,yes,no,yes,yes,yes,yes,yes,yes,no,no,no,no,no,no,no,no,no,no,yes,no,yes,no,no,yes,no
Nevill Francis Mott,yes,yes,yes,no,no,no,no,no,yes,no,no,no,no,no,no,yes,yes,no,yes,no,no,no,no,no,no
Nicola Cabibbo,yes,no,no,no,no,no,no,no,no,no,no,yes,no,no,no,yes,no,no,yes,no,no,no,no,no,no
Nicolás Cabrera,no,no,no,no,no,no,no,no,no,no,no,no,no,no,no,yes,no,no,yes,no,yes,no,no,no,no
Niels Bohr,yes,yes,yes,no,no,no,no,no,yes,no,no,no,yes,no,no,yes,yes,no,yes,no,yes,no,yes,yes,no
Nikola Tesla,no,yes,yes,no,yes,no,no,no,no,no,no,no,no,no,yes,yes,no,yes,yes,no,yes,no,no,no,no
Nikolaus Riehl,yes,yes,yes,yes,no,no,no,no,no,yes,yes,no,yes,no,no,yes,no,no,yes,no,no,no,no,no,no
Nikolay Basov,no,yes,yes,no,no,no,no,no,no,yes,no,no,no,no,no,yes,no,no,yes,no,no,no,no,no,no
Nikolay Bogolyubov,no,no,no,no,no,no,no,no,no,yes,no,no,no,no,no,yes,no,no,yes,no,no,no,no,no,no
Nikolay Semyonov,no,no,no,no,no,no,no,no,no,yes,no,no,no,no,no,yes,no,no,yes,no,no,no,no,no,no
Nikolay Sergeyevich Krylov,no,no,no,no,no,no,no,no,no,yes,no,no,no,no,no,yes,no,no,no,no,no,no,no,no,no
Nikolay Umov,no,yes,yes,no,no,no,no,no,no,yes,no,no,no,no,no,yes,no,no,yes,no,no,no,no,no,no
Norman Foster Ramsey Jr.,no,yes,yes,yes,yes,no,no,yes,yes,no,no,no,yes,no,no,no,no,no,yes,no,no,no,no,no,no
Oleg Losev,no,no,no,yes,no,no,no,no,no,yes,no,no,no,no,no,yes,no,no,yes,no,no,no,no,no,no
Oliver Heaviside,yes,no,no,no,no,no,no,no,yes,no,no,no,no,no,no,yes,no,no,yes,no,no,no,no,no,no
Oliver Lodge,no,no,no,no,no,no,no,no,yes,no,no,no,no,no,no,yes,no,no,yes,no,no,no,no,no,no
Osborne Reynolds,no,yes,yes,no,no,no,no,no,yes,no,no,no,no,no,no,yes,no,yes,yes,no,no,no,no,no,no
Oscar Sala,no,no,no,no,no,no,no,no,no,no,no,no,no,no,no,no,no,no,no,no,yes,no,no,no,no
Oskar Klein,yes,yes,yes,no,no,yes,no,no,no,no,yes,no,yes,no,no,yes,no,no,yes,no,no,no,no,no,no
Otto Hahn,no,yes,yes,no,no,no,no,no,no,no,yes,no,no,no,no,yes,no,no,yes,no,no,no,no,no,no
Otto Robert Frisch,no,no,no,no,no,no,no,no,no,no,no,no,no,no,yes,yes,no,yes,yes,no,no,no,no,no,no
Otto Scherzer,no,no,no,no,no,no,no,no,no,no,yes,no,no,no,no,yes,no,no,yes,no,no,no,no,no,no
Otto Stern,yes,yes,yes,no,no,yes,no,no,no,no,yes,no,yes,no,no,yes,no,no,yes,no,no,no,no,no,no
Owen Chamberlain,yes,no,yes,no,yes,yes,no,yes,no,no,no,no,yes,no,no,no,no,no,yes,no,no,no,no,no,no
Owen Willans Richardson,yes,yes,yes,no,no,yes,no,no,yes,no,no,no,no,no,no,yes,yes,no,yes,no,no,no,no,no,no
Pascual Jordan,yes,no,no,no,no,no,no,no,no,no,yes,no,no,no,no,yes,no,no,yes,no,no,no,no,no,no
Patrick Blackett,yes,yes,yes,no,no,no,no,no,yes,no,no,no,no,no,no,yes,yes,no,yes,no,no,no,no,no,no
Paul Dirac,yes,yes,yes,yes,no,yes,no,no,yes,no,no,no,no,no,no,yes,yes,yes,yes,no,no,no,no,no,no
Paul Drude,no,yes,yes,yes,no,no,no,no,no,no,yes,no,no,no,no,yes,no,no,yes,no,no,no,no,no,no
Paul Ehrenfest,yes,yes,yes,yes,no,no,no,no,no,no,yes,yes,yes,no,yes,yes,no,yes,yes,no,no,no,no,no,no
Paul Harteck,no,yes,yes,no,no,no,no,no,no,no,yes,no,no,no,no,yes,no,no,yes,no,no,no,no,no,no
Paul John Ellis,yes,yes,yes,no,no,yes,no,no,yes,no,no,no,no,no,no,yes,no,no,no,no,no,no,no,no,no
Paul Langevin,no,yes,yes,yes,no,no,no,no,yes,no,no,no,yes,no,no,yes,no,no,yes,yes,no,no,no,no,no
Paul Peter Ewald,no,no,no,no,no,no,no,no,no,no,yes,no,no,no,no,yes,no,no,yes,no,no,no,no,no,no
Pavel Cherenkov,yes,yes,yes,no,no,no,no,no,no,yes,no,no,no,no,no,yes,no,no,yes,no,no,no,no,no,no
Percy Williams Bridgman,yes,no,yes,no,yes,yes,no,yes,no,no,no,no,no,no,no,no,no,no,yes,no,no,no,no,no,no
Per-Olov Löwdin,no,yes,yes,no,no,no,no,no,no,no,yes,no,no,no,no,yes,no,no,yes,no,no,no,no,no,no
Peter Adolf Thiessen,no,no,no,no,no,no,no,no,no,no,yes,no,no,no,no,yes,no,no,yes,no,no,no,no,no,no
Peter Debye,no,yes,yes,no,yes,no,no,no,no,no,yes,yes,no,no,no,yes,no,yes,yes,no,no,no,no,no,no
Peter Westervelt,no,no,no,no,yes,no,no,no,no,no,no,no,no,no,no,no,no,no,no,no,no,no,no,no,no
Philipp Lenard,no,yes,yes,no,no,no,no,no,no,no,yes,no,no,no,no,yes,no,yes,yes,no,no,no,no,no,no
Phyllis S. Freier,no,no,no,no,yes,no,no,no,no,no,no,no,no,no,no,no,no,no,no,no,no,no,no,no,no
Piara Singh Gill,no,no,yes,yes,no,no,yes,yes,no,no,no,no,no,no,no,no,no,no,yes,no,no,no,no,no,no
Pierre Curie,no,yes,yes,no,no,no,no,no,no,no,no,no,no,no,no,yes,no,no,yes,yes,no,no,no,no,no
Pierre-Gilles de Gennes,no,yes,yes,no,no,no,no,no,no,no,no,no,no,no,no,yes,no,no,yes,yes,no,no,no,no,no
Pieter Zeeman,no,yes,yes,no,no,no,no,no,no,no,no,yes,no,no,no,yes,no,no,yes,no,no,no,no,no,no
Polykarp Kusch,yes,no,yes,no,no,yes,no,yes,no,no,yes,no,no,no,no,yes,no,no,yes,no,no,no,no,no,no
Pyotr Kapitsa,no,no,no,no,no,no,no,no,no,yes,no,no,no,no,no,yes,no,no,yes,no,no,no,no,no,no
Pyotr Lebedev,no,no,no,yes,no,no,no,no,no,yes,no,no,no,no,no,yes,no,no,yes,no,no,no,no,no,no
Ralph Asher Alpher,no,no,yes,no,yes,no,no,yes,no,no,no,no,no,no,no,no,no,no,yes,no,no,no,no,no,yes
Ralph H. Fowler,no,yes,yes,no,no,no,no,no,yes,no,no,no,no,no,no,yes,no,no,yes,no,no,no,yes,no,no
Ralph Kronig,yes,yes,yes,yes,no,yes,no,yes,no,no,yes,yes,no,no,no,yes,no,no,yes,no,no,no,no,yes,no
Ranjan Roy Daniel,no,no,no,no,no,no,yes,no,no,no,no,no,no,no,no,no,no,no,yes,no,no,no,no,no,no
Raymond Davis Jr.,yes,no,yes,no,yes,yes,no,yes,no,no,no,no,no,no,no,no,no,no,yes,no,no,no,no,no,no
Raymond Seeger,no,no,no,no,yes,no,no,no,no,no,no,no,no,no,no,no,no,no,no,no,no,no,no,no,no
Raymond Thayer Birge,no,no,no,no,yes,no,no,no,no,no,no,no,no,no,no,no,no,no,yes,no,no,no,no,no,no
Reinhard Oehme,yes,yes,yes,yes,yes,yes,no,no,no,no,yes,no,no,no,no,yes,no,yes,yes,no,no,no,no,no,no
Revaz Dogonadze,no,no,no,no,no,no,yes,no,no,no,no,no,no,no,no,no,no,no,yes,no,yes,no,no,no,no
Riazuddin (physicist),yes,yes,yes,yes,no,yes,yes,no,no,no,no,no,no,yes,no,no,yes,no,yes,no,yes,no,no,no,no
Richard Arnowitt,yes,no,yes,yes,yes,yes,no,yes,no,no,no,no,no,no,no,no,no,no,yes,no,no,no,no,no,no
Richard C. Tolman,no,no,no,no,yes,no,no,no,no,no,no,no,no,no,no,no,no,no,yes,no,no,no,no,no,no
Richard Dalitz,yes,yes,yes,no,no,yes,yes,no,yes,no,no,no,yes,no,no,yes,yes,yes,yes,no,no,no,no,no,no
Richard Feynman,yes,no,yes,no,yes,yes,no,yes,no,no,no,no,no,no,no,no,no,no,yes,no,no,no,no,no,no
Richard Makinson,no,no,no,no,no,no,no,no,yes,no,no,no,no,no,no,no,no,no,no,no,no,no,no,no,no
Robert Adler,no,yes,yes,yes,yes,no,no,no,no,no,no,no,no,no,yes,yes,no,yes,yes,no,no,no,no,no,no
Robert Andrews Millikan,yes,no,yes,no,yes,yes,no,yes,no,no,no,no,no,no,no,no,no,no,yes,no,no,no,no,yes,no
Robert B. Leighton,no,no,no,no,yes,no,no,no,no,no,no,no,no,no,no,no,no,no,yes,no,no,no,no,no,yes
Robert Brout,yes,no,yes,no,yes,yes,no,yes,no,no,no,no,no,no,no,yes,no,yes,yes,no,yes,no,no,no,no
Robert Coleman Richardson,no,no,yes,yes,yes,no,no,yes,no,no,no,no,no,no,no,no,no,no,yes,no,no,no,no,no,no
Robert D. Richtmyer,yes,yes,yes,no,yes,yes,no,yes,no,no,yes,no,yes,no,no,no,no,no,yes,no,no,no,no,no,no
Robert Döpel,yes,yes,yes,yes,no,no,no,no,no,no,yes,no,yes,no,no,yes,no,no,yes,no,no,no,no,yes,no
Robert G. Sachs,no,no,no,no,no,no,no,no,no,yes,no,no,no,no,no,no,no,no,no,no,no,no,no,no,no
Robert H. Dicke,no,no,yes,no,yes,no,no,yes,no,no,no,no,no,no,no,no,no,no,yes,no,no,no,no,no,yes
Robert Hofstadter,yes,no,yes,no,yes,yes,no,yes,no,no,no,no,no,no,no,no,no,no,yes,no,no,no,no,no,no
Robert Marshak,no,no,no,no,yes,no,no,no,no,no,no,no,no,no,no,no,no,no,yes,no,no,no,no,no,no
Robert R. Wilson,no,no,yes,no,yes,no,no,yes,no,no,no,no,no,no,no,no,no,no,yes,no,no,no,no,no,no
Robert S. Mulliken,no,no,yes,no,yes,no,no,yes,no,no,no,no,no,no,no,no,no,no,yes,no,no,no,no,no,no
Robert Serber,no,no,yes,no,yes,no,no,yes,no,no,no,no,no,no,no,no,no,no,yes,no,no,no,no,no,no
Robert von Lieben,no,no,no,no,no,no,no,no,no,no,no,no,no,no,yes,yes,no,no,yes,no,no,no,no,no,no
Robert W. Wood,no,no,no,no,yes,no,no,no,no,no,no,no,no,no,no,no,no,no,yes,no,no,no,no,no,no
Robert Zwanzig,no,no,no,no,yes,no,no,no,no,no,no,no,no,no,no,no,no,no,no,no,no,no,no,no,no
Rolf Landauer,no,no,yes,yes,yes,no,no,yes,no,no,yes,no,no,no,no,yes,no,yes,yes,no,no,no,no,no,no
Roman Ulrich Sexl,yes,yes,yes,no,no,yes,no,no,no,no,no,no,no,no,yes,yes,no,no,yes,no,no,no,no,no,no
Ronald Ernest Aitchison,yes,yes,yes,yes,no,no,yes,no,yes,no,no,no,no,no,no,no,no,no,yes,no,yes,no,no,no,no
Ronald McNair,no,no,no,no,yes,no,no,no,no,no,no,no,no,no,no,no,no,no,yes,no,no,no,no,no,no
Rosalind Franklin,yes,yes,yes,no,no,no,no,no,yes,no,no,no,no,no,no,yes,yes,no,yes,no,no,no,no,no,no
Rosalyn Sussman Yalow,no,no,yes,no,yes,no,no,yes,no,no,no,no,no,no,no,no,no,no,yes,no,no,no,no,no,no
Ruby Payne-Scott,no,no,yes,no,no,no,yes,no,yes,no,no,no,no,no,no,no,no,no,yes,no,yes,no,no,no,yes
Rudolf Haag,no,yes,yes,no,no,no,no,no,no,no,yes,no,no,no,no,yes,no,no,yes,no,no,no,no,no,no
Rudolf Mössbauer,yes,yes,yes,no,no,yes,no,no,no,yes,yes,no,no,no,no,no,no,no,yes,no,no,no,no,no,no
Rudolf Peierls,yes,yes,yes,yes,no,yes,no,no,yes,no,yes,no,yes,no,no,yes,yes,yes,yes,no,no,no,no,yes,no
Ryogo Kubo,no,no,no,no,no,no,yes,no,no,no,no,no,no,no,no,no,no,no,yes,no,no,no,no,no,no
Sam Treiman,yes,no,yes,yes,yes,yes,no,yes,no,no,no,no,no,no,no,no,no,no,yes,no,no,no,no,no,no
Samuel Goudsmit,yes,yes,yes,no,yes,yes,no,no,no,no,no,yes,no,no,no,yes,no,yes,yes,no,no,no,no,no,no
Samuel King Allison,yes,no,yes,no,yes,yes,no,yes,no,no,no,no,no,no,no,no,no,no,yes,no,no,no,no,no,no
Samuel Tolansky,no,yes,yes,no,no,no,no,no,yes,no,no,no,no,no,no,yes,no,no,yes,no,no,no,no,no,no
Satyendra Nath Bose,no,no,yes,no,no,no,yes,no,no,no,no,no,no,no,no,no,no,no,yes,no,no,no,no,no,no
Semen Altshuler,no,yes,yes,no,no,no,no,no,no,yes,no,no,no,no,no,no,no,no,yes,no,no,no,no,no,no
Sergei Tyablikov,no,yes,yes,no,no,no,no,no,no,yes,no,no,no,no,no,yes,no,no,yes,no,no,no,no,no,no
Sergey Ivanovich Vavilov,no,yes,yes,no,no,no,no,no,no,yes,no,no,no,no,no,yes,no,no,yes,no,no,no,no,no,no
Seth Neddermeyer,no,no,yes,no,yes,no,no,yes,no,no,no,no,no,no,no,no,no,no,yes,no,no,no,no,no,no
Shoichi Sakata,yes,no,no,no,no,no,yes,no,no,no,no,no,no,no,no,no,no,no,yes,no,no,no,yes,no,no
Simon Newcomb,no,no,yes,no,yes,no,no,yes,no,no,no,no,no,no,no,no,no,yes,yes,no,yes,no,no,no,yes
Simon van der Meer,yes,yes,yes,yes,no,no,no,no,no,no,no,yes,no,no,no,yes,yes,no,yes,no,no,no,no,no,no
Sin'ichirō Tomonaga,yes,no,yes,no,no,yes,yes,no,no,no,no,no,no,no,no,no,no,no,yes,no,no,no,no,no,no
"Sir George Stokes, 1st Baronet",yes,yes,yes,no,no,no,no,no,yes,no,no,no,no,no,no,yes,yes,no,yes,no,no,no,no,no,no
Stanislav Mikheyev,no,yes,yes,no,no,no,no,no,no,yes,no,no,no,no,no,yes,no,no,yes,no,no,no,no,no,no
Stanislaw Ulam,yes,yes,yes,no,yes,yes,no,no,no,no,no,no,no,yes,no,yes,no,yes,yes,no,no,no,no,no,no
Stanley Mandelstam,yes,yes,yes,no,yes,yes,no,no,yes,no,no,no,yes,no,no,no,yes,no,yes,no,yes,no,no,no,no
Stephen Gasiorowicz,no,no,yes,no,yes,no,no,yes,no,no,no,no,no,no,no,no,no,no,yes,no,no,no,no,no,no
Stephen Paul (physicist),yes,no,yes,no,yes,yes,no,yes,no,no,no,no,no,no,no,no,no,no,no,no,no,no,no,no,no
Subrahmanyan Chandrasekhar,no,yes,yes,yes,yes,no,yes,no,yes,no,no,no,yes,no,no,no,no,no,yes,no,no,no,no,no,yes
Sudhansu Datta Majumdar,no,no,yes,yes,no,no,yes,no,no,no,no,no,no,no,no,no,no,no,yes,no,no,no,no,no,no
Susumu Okubo,no,no,no,no,no,no,yes,no,no,no,no,no,no,no,no,no,no,no,yes,no,no,no,no,no,no
T. H. Laby,no,no,no,no,no,no,no,no,yes,no,no,no,no,no,no,no,no,no,no,no,no,no,no,no,no
Tahir Hussain (physicist),yes,yes,yes,yes,no,no,yes,no,yes,no,no,no,yes,yes,no,no,no,no,yes,no,yes,no,no,no,no
Tatyana Afanasyeva,no,no,no,no,no,no,no,no,no,yes,no,no,no,no,no,no,no,no,yes,no,no,no,no,no,no
Theodor Kaluza,no,no,no,no,no,no,no,no,no,yes,no,no,no,no,no,no,no,no,yes,no,no,no,no,no,no
Theodore Harold Maiman,no,no,yes,no,yes,no,no,yes,no,no,no,no,no,no,no,no,no,no,yes,no,no,no,no,no,no
Theodore von Kármán,yes,yes,yes,yes,yes,yes,no,no,no,no,no,no,no,no,yes,yes,no,yes,yes,no,no,yes,no,no,no
Thomas Corwin Mendenhall,no,no,yes,no,yes,no,no,yes,no,no,no,no,no,no,no,no,no,no,yes,no,no,no,no,no,no
Thomas Edison,no,no,no,no,yes,no,no,no,no,no,no,no,no,no,no,no,no,no,yes,no,no,no,no,no,no
Thomas H. Stix,no,no,no,no,yes,no,no,no,no,no,no,no,no,no,no,no,no,no,yes,no,no,no,no,no,no
Tom Kibble,yes,yes,yes,no,no,no,yes,no,yes,no,no,no,no,no,no,yes,yes,no,yes,no,no,no,no,no,no
Tullio Regge,no,yes,yes,no,no,no,no,no,no,no,no,yes,no,no,no,yes,no,no,yes,no,no,no,no,no,no
Val Logsdon Fitch,yes,no,yes,no,yes,yes,no,yes,no,no,no,no,yes,no,no,no,yes,no,yes,no,no,no,no,no,no
Valentine Telegdi,yes,no,no,no,yes,yes,no,no,no,no,no,no,no,no,no,no,yes,no,yes,no,no,no,no,no,no
Victor Ambartsumian,no,yes,yes,no,no,no,yes,no,no,yes,no,no,no,no,no,yes,no,yes,yes,no,yes,no,no,no,yes
Victor Francis Hess,yes,yes,yes,no,yes,yes,no,no,no,no,no,no,no,no,yes,yes,no,yes,yes,no,no,no,no,no,no
Victor Popov,no,yes,yes,no,no,no,no,no,no,yes,no,no,no,no,no,yes,no,no,no,no,no,no,no,no,no
Victor Weisskopf,no,yes,yes,yes,yes,no,no,no,no,no,yes,no,no,no,yes,yes,no,yes,yes,no,no,yes,no,no,no
Vikram Sarabhai,no,yes,yes,no,no,no,yes,no,yes,no,no,no,yes,no,no,no,no,no,yes,no,no,no,no,no,yes
Vilhelm Bjerknes,no,no,no,no,no,no,no,no,no,no,no,no,no,no,no,yes,no,no,yes,no,yes,no,no,no,no
Vitaly Ginzburg,no,yes,yes,no,no,no,no,no,no,yes,no,no,no,no,no,yes,no,no,yes,no,no,no,no,no,yes
Vladimir Fock,yes,yes,yes,yes,no,no,no,no,no,yes,no,no,no,no,no,yes,no,no,yes,no,no,no,no,no,no
Vladimir Gribov,no,no,no,no,no,no,no,no,no,yes,no,no,no,no,no,yes,no,no,yes,no,no,no,no,no,no
W. W. Hansen,no,no,yes,no,yes,no,no,yes,no,no,no,no,no,no,no,no,no,no,yes,no,no,no,no,no,no
Walter Boas,yes,yes,yes,yes,no,no,no,no,yes,no,yes,no,no,no,no,yes,no,yes,yes,no,no,no,no,no,no
Walter Franz,no,no,no,no,no,no,no,no,no,no,yes,no,no,no,no,yes,no,no,yes,no,no,no,no,no,no
Walter Gerlach,yes,yes,yes,no,no,no,no,no,no,no,yes,no,no,no,no,yes,no,no,yes,no,no,no,no,no,no
Walter H. Schottky,yes,yes,yes,yes,no,no,no,no,no,no,yes,no,no,no,no,yes,no,no,yes,no,no,no,no,no,no
Walter Heitler,yes,yes,yes,no,no,no,no,no,no,no,yes,no,no,no,no,yes,yes,no,yes,no,no,no,no,no,no
Walter Houser Brattain,yes,no,yes,no,yes,yes,no,yes,no,no,no,no,yes,no,no,no,no,no,yes,no,no,no,no,no,no
"Walter Marshall, Baron Marshall of Goring",yes,yes,yes,no,no,no,no,no,yes,no,no,no,no,no,no,yes,yes,no,yes,no,no,no,no,no,no
Walther Bothe,yes,yes,yes,no,no,no,no,no,no,no,yes,no,no,no,no,yes,no,no,yes,no,no,no,no,no,no
Walther Kossel,no,no,no,no,no,no,no,no,no,no,yes,no,no,no,no,yes,no,no,yes,no,no,no,no,no,no
Walther Ritz,no,no,no,no,no,no,no,no,no,no,no,no,no,no,no,yes,no,no,yes,no,no,no,no,no,no
Wander Johannes de Haas,yes,yes,yes,yes,no,no,no,no,no,no,no,yes,no,no,no,yes,no,no,yes,no,no,no,no,no,no
Wang Ganchang,yes,yes,yes,yes,no,no,yes,no,no,no,yes,no,yes,yes,no,no,no,no,yes,no,yes,yes,no,no,no
Werner Heisenberg,yes,yes,yes,no,no,no,no,no,no,no,yes,no,no,no,no,yes,no,no,yes,no,no,no,no,yes,no
Wernher von Braun,no,yes,yes,no,yes,no,no,no,no,no,yes,no,no,no,no,yes,no,yes,yes,no,no,no,no,no,no
Wilhelm Röntgen,yes,yes,yes,no,no,no,no,no,no,no,yes,yes,no,no,no,yes,no,no,yes,no,no,no,no,no,yes
Wilhelm Wien,yes,yes,yes,no,no,yes,no,no,no,yes,yes,no,no,no,no,yes,no,no,yes,no,no,no,no,no,no
Willard Boyle,yes,no,yes,yes,yes,yes,no,no,no,no,no,no,yes,no,no,no,no,yes,yes,no,yes,no,no,no,no
Willem de Sitter,no,yes,yes,no,no,no,no,no,no,no,no,yes,no,no,no,yes,no,no,yes,no,no,no,no,no,yes
Willem Hendrik Keesom,no,no,no,no,no,no,no,no,no,no,no,yes,no,no,no,yes,no,no,yes,no,no,no,no,no,no
William Alfred Fowler,no,no,yes,no,yes,no,no,yes,no,no,no,no,no,no,no,no,no,no,yes,no,no,no,no,no,yes
William Allis,no,no,no,no,no,no,no,no,no,yes,no,no,no,no,no,no,no,no,yes,no,no,no,no,no,no
William Crookes,no,no,no,no,no,no,no,no,yes,no,no,no,no,no,no,yes,no,no,yes,no,no,no,no,no,no
William Eccles,no,no,no,no,no,no,no,no,yes,no,no,no,no,no,no,yes,no,no,yes,no,no,no,no,no,no
"William Fuller Brown, Jr.",yes,no,yes,yes,yes,yes,no,yes,no,no,no,no,no,no,no,no,no,no,yes,no,no,no,no,no,no
William Henry Bragg,yes,yes,yes,yes,no,no,no,no,yes,no,no,no,no,no,no,yes,yes,no,yes,no,no,no,no,yes,no
William Lawrence Bragg,no,yes,yes,no,no,no,yes,no,yes,no,no,no,yes,no,no,yes,no,yes,yes,no,no,no,no,yes,no
William Markowitz,no,no,no,no,yes,no,no,no,no,no,no,no,no,no,no,no,no,no,yes,no,no,no,no,no,yes
William Shockley,no,no,yes,no,yes,no,no,yes,no,no,no,no,no,no,no,no,no,no,yes,no,no,no,no,no,no
"William Thomson, 1st Baron Kelvin",no,no,no,yes,no,no,no,no,yes,no,no,no,no,no,no,yes,no,no,yes,no,no,no,no,no,no
William V. Houston,no,no,yes,no,yes,no,no,yes,no,no,no,no,no,no,no,no,no,no,yes,no,no,no,no,no,no
Willibald Peter Prasthofer,no,no,no,no,no,no,no,no,no,no,no,no,no,no,no,yes,no,no,no,no,no,no,no,no,no
Willis Lamb,yes,no,yes,no,yes,yes,no,yes,no,no,no,no,no,no,no,no,yes,no,yes,no,no,no,no,no,no
Woldemar Voigt,no,yes,yes,yes,no,no,no,no,no,yes,yes,no,no,no,no,yes,no,no,yes,no,no,no,no,no,no
Wolfgang Finkelnburg,no,no,no,no,no,no,no,no,no,no,yes,no,no,no,no,yes,no,no,yes,no,no,no,no,no,no
Wolfgang K. H. Panofsky,no,no,yes,no,yes,no,no,yes,no,no,yes,no,no,no,no,yes,no,yes,yes,no,no,no,no,no,no
Wolfgang Paul,no,yes,yes,no,no,no,no,no,no,no,yes,no,yes,no,no,yes,no,no,yes,no,no,no,no,no,no
Wolfgang Pauli,yes,yes,yes,no,yes,yes,no,no,no,no,yes,no,no,no,yes,yes,yes,yes,yes,no,no,no,no,yes,no
Yakov Borisovich Zel'dovich,yes,yes,yes,no,no,no,no,no,no,yes,no,no,no,no,no,yes,no,no,yes,no,no,no,no,no,yes
Yakov Frenkel,no,no,no,no,no,no,no,no,no,yes,no,no,no,no,no,yes,no,no,yes,no,no,no,no,no,no
Yakov Lvovich Alpert,no,no,no,no,no,no,no,no,no,yes,no,no,no,no,no,no,no,no,yes,no,no,no,no,no,no
Yasha Rosenfeld,no,no,no,no,no,no,no,no,no,no,no,no,no,no,no,no,no,no,no,no,yes,no,no,no,no
Yoichiro Nambu,no,no,yes,no,yes,no,yes,no,no,no,no,no,no,no,no,no,no,no,yes,no,no,no,no,no,no
Yoji Totsuka,no,no,no,no,no,no,yes,no,no,no,no,no,no,no,no,no,no,no,yes,no,no,no,no,no,no
Yulii Borisovich Khariton,yes,yes,yes,no,no,no,no,no,yes,yes,no,no,yes,no,no,yes,no,no,yes,no,no,no,no,no,no
Yuval Ne'eman,no,no,no,no,no,no,yes,no,no,no,no,no,no,no,no,no,no,no,yes,no,yes,no,no,no,no
Zoltán Lajos Bay,no,no,no,yes,no,no,no,no,no,no,no,no,no,no,no,yes,no,no,yes,no,no,yes,no,no,no
